epoch,time,train/box_loss,train/cls_loss,train/dfl_loss,metrics/precision(B),metrics/recall(B),metrics/mAP50(B),metrics/mAP50-95(B),val/box_loss,val/cls_loss,val/dfl_loss,lr/pg0,lr/pg1,lr/pg2
1,567.291,1.7261,2.96684,1.38028,0.04348,0.86981,0.48666,0.26684,1.75203,3.59563,1.32118,0.000328042,0.000328042,0.000328042
2,1193.05,1.51725,1.79961,1.2521,0.47308,0.58983,0.51883,0.27373,1.76594,2.74357,1.49728,0.00064828,0.00064828,0.00064828
3,1743.86,1.50221,1.61972,1.25399,0.63052,0.59889,0.6078,0.30042,1.81509,2.94162,1.51134,0.000955319,0.000955319,0.000955319
4,12029.8,1.45961,1.51358,1.22335,0.5895,0.71208,0.59021,0.31881,1.67577,2.0996,1.38408,0.0009406,0.0009406,0.0009406
5,12640.8,1.42522,1.40452,1.19821,0.66887,0.65754,0.7092,0.37183,1.72111,2.02135,1.39797,0.0009208,0.0009208,0.0009208
6,13192,1.38126,1.30325,1.18998,0.69608,0.70223,0.71785,0.36845,1.65178,2.15378,1.42254,0.000901,0.000901,0.000901
7,13739.8,1.34745,1.23311,1.17018,0.74441,0.65582,0.72932,0.41415,1.65101,1.94598,1.39196,0.0008812,0.0008812,0.0008812
8,14275.1,1.35193,1.1939,1.16957,0.79104,0.71275,0.79202,0.44251,1.63741,1.74942,1.3596,0.0008614,0.0008614,0.0008614
9,14782.7,1.32011,1.1242,1.14525,0.83348,0.78001,0.84674,0.48998,1.51231,1.58557,1.30411,0.0008416,0.0008416,0.0008416
10,15268.5,1.30862,1.10381,1.14231,0.75096,0.69357,0.71893,0.39958,1.73262,1.7232,1.40361,0.0008218,0.0008218,0.0008218
11,15736.5,1.30213,1.06379,1.14287,0.86945,0.77825,0.84697,0.48679,1.60145,1.49014,1.31419,0.000802,0.000802,0.000802
12,16204.4,1.25723,0.98995,1.12086,0.78012,0.74101,0.79464,0.44199,1.58865,1.53377,1.26584,0.0007822,0.0007822,0.0007822
13,16651.9,1.23903,0.95985,1.10532,0.8949,0.79473,0.89803,0.53012,1.41312,1.28274,1.17095,0.0007624,0.0007624,0.0007624
14,17101.6,1.24548,0.95261,1.10571,0.8421,0.83051,0.88649,0.53459,1.47077,1.25645,1.23632,0.0007426,0.0007426,0.0007426
15,17561.9,1.23333,0.92352,1.09768,0.84574,0.77103,0.86077,0.51596,1.54672,1.45338,1.25901,0.0007228,0.0007228,0.0007228
16,18023.4,1.22154,0.92214,1.09056,0.84487,0.78251,0.87012,0.54861,1.41417,1.24188,1.23701,0.000703,0.000703,0.000703
17,18489.7,1.19153,0.87438,1.08473,0.84193,0.78593,0.85635,0.54404,1.47949,1.18144,1.26336,0.0006832,0.0006832,0.0006832
18,18943.3,1.17324,0.87405,1.08052,0.84408,0.78159,0.86313,0.54218,1.43643,1.32343,1.21643,0.0006634,0.0006634,0.0006634
19,19394.9,1.17829,0.86699,1.07711,0.85989,0.81948,0.87023,0.55967,1.33777,1.20452,1.18954,0.0006436,0.0006436,0.0006436
20,19846.4,1.1764,0.84928,1.06622,0.851,0.84063,0.88959,0.57204,1.37871,1.16961,1.25514,0.0006238,0.0006238,0.0006238
21,20300.3,1.16225,0.81631,1.06664,0.83173,0.85741,0.89045,0.5795,1.40971,1.0847,1.17971,0.000604,0.000604,0.000604
22,20763.4,1.16521,0.80923,1.06212,0.85611,0.8173,0.88473,0.55117,1.4935,1.22905,1.25384,0.0005842,0.0005842,0.0005842
23,21225.8,1.13472,0.79553,1.04994,0.84248,0.86098,0.8796,0.57366,1.28924,1.08613,1.15101,0.0005644,0.0005644,0.0005644
24,21686.4,1.13107,0.79413,1.04462,0.8173,0.82224,0.87582,0.56163,1.35793,1.14362,1.16999,0.0005446,0.0005446,0.0005446
25,22153.5,1.10904,0.7685,1.04211,0.83783,0.82503,0.87828,0.57865,1.36784,1.15928,1.17712,0.0005248,0.0005248,0.0005248
26,22614.6,1.08187,0.74885,1.02414,0.83575,0.86001,0.87825,0.5822,1.31024,1.12265,1.17649,0.000505,0.000505,0.000505
27,23082,1.09025,0.75046,1.03315,0.87479,0.83884,0.88679,0.58215,1.3323,1.10631,1.13903,0.0004852,0.0004852,0.0004852
28,23543.4,1.05515,0.73166,1.01633,0.88659,0.81445,0.88972,0.57672,1.40244,1.18308,1.19806,0.0004654,0.0004654,0.0004654
29,24006.7,1.07317,0.72992,1.01252,0.8961,0.84763,0.90067,0.61015,1.38957,1.06728,1.21123,0.0004456,0.0004456,0.0004456
30,24467,1.04137,0.70712,1.00798,0.86153,0.85992,0.88832,0.57476,1.46514,1.04827,1.23938,0.0004258,0.0004258,0.0004258
31,24930.6,1.06625,0.71184,1.02053,0.85177,0.83375,0.88466,0.58241,1.39795,1.0753,1.18898,0.000406,0.000406,0.000406
32,25388.9,1.03189,0.68154,1.00864,0.87327,0.84053,0.90787,0.58904,1.41112,1.00809,1.20243,0.0003862,0.0003862,0.0003862
33,25845.7,1.02127,0.67564,1.00852,0.88169,0.85814,0.89569,0.57857,1.32778,1.0497,1.189,0.0003664,0.0003664,0.0003664
34,26310.7,1.04228,0.68379,1.00787,0.84931,0.83737,0.88202,0.5781,1.42317,1.01365,1.21646,0.0003466,0.0003466,0.0003466
35,26769.5,1.02091,0.66474,1.00691,0.87354,0.85994,0.89345,0.60476,1.33911,1.00452,1.16502,0.0003268,0.0003268,0.0003268
36,27229.1,1.01014,0.66699,0.9939,0.87158,0.85482,0.89157,0.60684,1.30198,0.96226,1.19045,0.000307,0.000307,0.000307
37,27695.2,1.00396,0.65385,0.99547,0.87463,0.81105,0.87805,0.60301,1.35422,1.02719,1.20174,0.0002872,0.0002872,0.0002872
38,28155,0.98699,0.64217,0.98658,0.88469,0.85022,0.90184,0.60863,1.34592,1.01934,1.14808,0.0002674,0.0002674,0.0002674
39,28623.6,0.98474,0.63415,0.98427,0.86456,0.87538,0.89335,0.62466,1.29404,0.94928,1.12044,0.0002476,0.0002476,0.0002476
40,29087,0.99012,0.63786,0.9862,0.85139,0.85354,0.88361,0.59219,1.38482,1.02588,1.12736,0.0002278,0.0002278,0.0002278
41,29543.5,0.9536,0.57931,0.97613,0.88327,0.82897,0.87974,0.60775,1.32238,1.06151,1.1617,0.000208,0.000208,0.000208
42,29998.7,0.92486,0.54398,0.96694,0.85353,0.85149,0.88669,0.60019,1.36105,0.99717,1.1779,0.0001882,0.0001882,0.0001882
43,30483.1,0.91631,0.53418,0.96705,0.86779,0.87325,0.89804,0.61276,1.3179,0.97984,1.13486,0.0001684,0.0001684,0.0001684
44,30940.1,0.89623,0.53074,0.96391,0.87003,0.86981,0.90134,0.61812,1.30695,0.93505,1.14923,0.0001486,0.0001486,0.0001486
45,31396.4,0.88314,0.51567,0.95028,0.88732,0.86328,0.89802,0.63059,1.27348,0.95651,1.14663,0.0001288,0.0001288,0.0001288
46,31850.4,0.88223,0.51169,0.94892,0.86514,0.8606,0.90001,0.62703,1.28448,0.95587,1.12588,0.000109,0.000109,0.000109
47,32304.3,0.87294,0.50689,0.94293,0.8756,0.86815,0.90206,0.61962,1.30496,0.93584,1.13641,8.92e-05,8.92e-05,8.92e-05
48,32759.6,0.85572,0.49557,0.93737,0.87104,0.86082,0.8953,0.61837,1.29004,0.91706,1.14113,6.94e-05,6.94e-05,6.94e-05
49,33216.4,0.84415,0.49303,0.93302,0.86598,0.86824,0.90122,0.62729,1.26942,0.91781,1.12941,4.96e-05,4.96e-05,4.96e-05
50,33674.8,0.83187,0.48841,0.93391,0.85658,0.87959,0.90232,0.62913,1.26467,0.91135,1.13204,2.98e-05,2.98e-05,2.98e-05
